{
    "epoch": 3.0,
    "eval_loss": 0.26792728900909424,
    "eval_runtime": 97.6509,
    "eval_samples_per_second": 7.291,
    "eval_steps_per_second": 1.823,
    "total_flos": 3.924004683550556e+17,
    "train_loss": 0.268458105233542,
    "train_runtime": 9641.8368,
    "train_samples_per_second": 1.993,
    "train_steps_per_second": 0.125
}