{
    "epoch": 3.0,
    "total_flos": 3.924004683550556e+17,
    "train_loss": 0.268458105233542,
    "train_runtime": 9641.8368,
    "train_samples_per_second": 1.993,
    "train_steps_per_second": 0.125
}